PSNR,SSIM,LPIPS,mask_type,parameter_k,image_name
13.995287895202637,0.20654965937137604,0.4851996600627899,stochastic,stochastic_p=0.5_i=2,woman_tending_garden.png
19.10683250427246,0.6686275601387024,0.29430171847343445,stochastic,stochastic_p=0.5_i=2,view_mountains_lake.png
19.01713752746582,0.4979826509952545,0.30703872442245483,stochastic,stochastic_p=0.5_i=2,field_red_flowers.png
23.573949813842773,0.6471147537231445,0.280478835105896,stochastic,stochastic_p=0.5_i=2,bowl_fruit_wooden.png
20.87233543395996,0.5815158486366272,0.3264753222465515,stochastic,stochastic_p=0.5_i=2,blue_pink_toy.png
21.340539932250977,0.693770706653595,0.24899914860725403,stochastic,stochastic_p=0.5_i=2,watch_wrist.png
22.134830474853516,0.8295223116874695,0.20188401639461517,stochastic,stochastic_p=0.5_i=2,row_rubber_ducks.png
18.470067977905273,0.3664402961730957,0.44598475098609924,stochastic,stochastic_p=0.5_i=2,pizza_box_pizza.png
17.132301330566406,0.23257039487361908,0.41931384801864624,stochastic,stochastic_p=0.5_i=2,rocky_beach_large.png
24.340682983398438,0.5087938904762268,0.3306204080581665,stochastic,stochastic_p=0.5_i=2,lemon_blue_surface.png
13.710443496704102,0.19593346118927002,0.5016344785690308,stochastic,stochastic_p=0.5_i=1,woman_tending_garden.png
19.063018798828125,0.6692101955413818,0.3034825325012207,stochastic,stochastic_p=0.5_i=1,view_mountains_lake.png
19.239707946777344,0.4985330402851105,0.30017557740211487,stochastic,stochastic_p=0.5_i=1,field_red_flowers.png
23.515897750854492,0.6294824481010437,0.28441041707992554,stochastic,stochastic_p=0.5_i=1,bowl_fruit_wooden.png
20.41663360595703,0.5643178820610046,0.3510668873786926,stochastic,stochastic_p=0.5_i=1,blue_pink_toy.png
21.39312744140625,0.6990073323249817,0.2494911402463913,stochastic,stochastic_p=0.5_i=1,watch_wrist.png
21.479228973388672,0.8191348910331726,0.2139294445514679,stochastic,stochastic_p=0.5_i=1,row_rubber_ducks.png
18.240514755249023,0.3648494780063629,0.4370814263820648,stochastic,stochastic_p=0.5_i=1,pizza_box_pizza.png
17.373302459716797,0.24023549258708954,0.41624927520751953,stochastic,stochastic_p=0.5_i=1,rocky_beach_large.png
23.233062744140625,0.4971860945224762,0.3385300934314728,stochastic,stochastic_p=0.5_i=1,lemon_blue_surface.png
14.157835006713867,0.20639248192310333,0.4835894703865051,stochastic,stochastic_p=0.5_i=0,woman_tending_garden.png
18.494348526000977,0.6576067805290222,0.30639392137527466,stochastic,stochastic_p=0.5_i=0,view_mountains_lake.png
18.7569522857666,0.4929210841655731,0.3126988410949707,stochastic,stochastic_p=0.5_i=0,field_red_flowers.png
23.335403442382812,0.6451507210731506,0.2783103287220001,stochastic,stochastic_p=0.5_i=0,bowl_fruit_wooden.png
20.35628890991211,0.5672194361686707,0.3424108028411865,stochastic,stochastic_p=0.5_i=0,blue_pink_toy.png
21.367300033569336,0.6994892954826355,0.25818270444869995,stochastic,stochastic_p=0.5_i=0,watch_wrist.png
22.241554260253906,0.8351883888244629,0.18201157450675964,stochastic,stochastic_p=0.5_i=0,row_rubber_ducks.png
18.104595184326172,0.35917559266090393,0.4348984360694885,stochastic,stochastic_p=0.5_i=0,pizza_box_pizza.png
16.925914764404297,0.22587774693965912,0.44526198506355286,stochastic,stochastic_p=0.5_i=0,rocky_beach_large.png
23.469562530517578,0.49641337990760803,0.3327595889568329,stochastic,stochastic_p=0.5_i=0,lemon_blue_surface.png
14.059927940368652,0.2646040618419647,0.45027703046798706,col_slit,"col_slit_7,7",woman_tending_garden.png
18.337684631347656,0.6885226368904114,0.26387035846710205,col_slit,"col_slit_7,7",view_mountains_lake.png
16.94364356994629,0.5195721983909607,0.29367345571517944,col_slit,"col_slit_7,7",field_red_flowers.png
16.42343521118164,0.6172744035720825,0.2889755368232727,col_slit,"col_slit_7,7",bowl_fruit_wooden.png
18.531980514526367,0.5896463394165039,0.322038471698761,col_slit,"col_slit_7,7",blue_pink_toy.png
17.53059959411621,0.6840841770172119,0.26230722665786743,col_slit,"col_slit_7,7",watch_wrist.png
19.464893341064453,0.8385379910469055,0.22678223252296448,col_slit,"col_slit_7,7",row_rubber_ducks.png
16.3005313873291,0.38732433319091797,0.4116182029247284,col_slit,"col_slit_7,7",pizza_box_pizza.png
16.40714454650879,0.2667330801486969,0.38308513164520264,col_slit,"col_slit_7,7",rocky_beach_large.png
22.577695846557617,0.5295829772949219,0.24995404481887817,col_slit,"col_slit_7,7",lemon_blue_surface.png
13.971988677978516,0.2530991733074188,0.44010889530181885,col_slit,"col_slit_6,6",woman_tending_garden.png
16.56768798828125,0.6796568036079407,0.28117528557777405,col_slit,"col_slit_6,6",view_mountains_lake.png
16.936601638793945,0.5176241993904114,0.30010998249053955,col_slit,"col_slit_6,6",field_red_flowers.png
21.680891036987305,0.660868227481842,0.22886641323566437,col_slit,"col_slit_6,6",bowl_fruit_wooden.png
18.523983001708984,0.5596479773521423,0.3484039306640625,col_slit,"col_slit_6,6",blue_pink_toy.png
20.914339065551758,0.7139800190925598,0.201895073056221,col_slit,"col_slit_6,6",watch_wrist.png
19.49010467529297,0.8180095553398132,0.28088274598121643,col_slit,"col_slit_6,6",row_rubber_ducks.png
18.2187442779541,0.40216854214668274,0.3890112638473511,col_slit,"col_slit_6,6",pizza_box_pizza.png
16.544572830200195,0.2662052810192108,0.384458065032959,col_slit,"col_slit_6,6",rocky_beach_large.png
22.8037052154541,0.5078473687171936,0.25700193643569946,col_slit,"col_slit_6,6",lemon_blue_surface.png
13.86683177947998,0.21483828127384186,0.4841069281101227,col_slit,"col_slit_2,2",woman_tending_garden.png
18.435211181640625,0.6674205660820007,0.30803561210632324,col_slit,"col_slit_2,2",view_mountains_lake.png
18.23596954345703,0.48826122283935547,0.3251129388809204,col_slit,"col_slit_2,2",field_red_flowers.png
19.21200180053711,0.6034073233604431,0.3175804018974304,col_slit,"col_slit_2,2",bowl_fruit_wooden.png
20.067981719970703,0.5697053074836731,0.34670591354370117,col_slit,"col_slit_2,2",blue_pink_toy.png
19.585542678833008,0.6550859808921814,0.31273236870765686,col_slit,"col_slit_2,2",watch_wrist.png
19.966293334960938,0.7937250137329102,0.3302735388278961,col_slit,"col_slit_2,2",row_rubber_ducks.png
17.5972900390625,0.3466627597808838,0.45315757393836975,col_slit,"col_slit_2,2",pizza_box_pizza.png
17.096908569335938,0.23852181434631348,0.4067802429199219,col_slit,"col_slit_2,2",rocky_beach_large.png
23.686094284057617,0.4872332513332367,0.30416765809059143,col_slit,"col_slit_2,2",lemon_blue_surface.png
14.075815200805664,0.23152072727680206,0.4610733389854431,col_slit,"col_slit_3,3",woman_tending_garden.png
18.245616912841797,0.6772940754890442,0.2803913354873657,col_slit,"col_slit_3,3",view_mountains_lake.png
17.66590690612793,0.503065824508667,0.2954708933830261,col_slit,"col_slit_3,3",field_red_flowers.png
23.084680557250977,0.6599850654602051,0.25474345684051514,col_slit,"col_slit_3,3",bowl_fruit_wooden.png
19.52161979675293,0.5800558924674988,0.3239603638648987,col_slit,"col_slit_3,3",blue_pink_toy.png
20.078981399536133,0.6794466376304626,0.23763790726661682,col_slit,"col_slit_3,3",watch_wrist.png
21.477230072021484,0.8314415812492371,0.2591515779495239,col_slit,"col_slit_3,3",row_rubber_ducks.png
17.33222007751465,0.35978779196739197,0.43985867500305176,col_slit,"col_slit_3,3",pizza_box_pizza.png
16.785541534423828,0.2524418532848358,0.39670395851135254,col_slit,"col_slit_3,3",rocky_beach_large.png
23.50663948059082,0.49824926257133484,0.2789289057254791,col_slit,"col_slit_3,3",lemon_blue_surface.png
13.773221015930176,0.23206494748592377,0.46019062399864197,col_slit,"col_slit_4,4",woman_tending_garden.png
17.453582763671875,0.6475961208343506,0.3373129963874817,col_slit,"col_slit_4,4",view_mountains_lake.png
15.39836597442627,0.49480605125427246,0.33817005157470703,col_slit,"col_slit_4,4",field_red_flowers.png
18.565038681030273,0.621181070804596,0.3156083822250366,col_slit,"col_slit_4,4",bowl_fruit_wooden.png
18.47702407836914,0.560127317905426,0.36025387048721313,col_slit,"col_slit_4,4",blue_pink_toy.png
20.26647186279297,0.7090736031532288,0.22426962852478027,col_slit,"col_slit_4,4",watch_wrist.png
18.2304630279541,0.7812355160713196,0.317996084690094,col_slit,"col_slit_4,4",row_rubber_ducks.png
16.085739135742188,0.3556097745895386,0.4618411660194397,col_slit,"col_slit_4,4",pizza_box_pizza.png
16.619611740112305,0.2549213469028473,0.39387381076812744,col_slit,"col_slit_4,4",rocky_beach_large.png
21.67476463317871,0.49987372756004333,0.2978050410747528,col_slit,"col_slit_4,4",lemon_blue_surface.png
13.979466438293457,0.25439003109931946,0.4349466860294342,col_slit,"col_slit_8,8",woman_tending_garden.png
15.523317337036133,0.6317470073699951,0.31279999017715454,col_slit,"col_slit_8,8",view_mountains_lake.png
12.80050277709961,0.42012643814086914,0.4382903575897217,col_slit,"col_slit_8,8",field_red_flowers.png
15.613627433776855,0.6327151656150818,0.28259041905403137,col_slit,"col_slit_8,8",bowl_fruit_wooden.png
17.312631607055664,0.5337327718734741,0.3736305236816406,col_slit,"col_slit_8,8",blue_pink_toy.png
16.45903778076172,0.6640751361846924,0.25425201654434204,col_slit,"col_slit_8,8",watch_wrist.png
16.526826858520508,0.7612948417663574,0.31305035948753357,col_slit,"col_slit_8,8",row_rubber_ducks.png
15.220196723937988,0.36189499497413635,0.4502723813056946,col_slit,"col_slit_8,8",pizza_box_pizza.png
14.357149124145508,0.254667192697525,0.42876577377319336,col_slit,"col_slit_8,8",rocky_beach_large.png
20.41697883605957,0.5003379583358765,0.2910075783729553,col_slit,"col_slit_8,8",lemon_blue_surface.png
13.935418128967285,0.18914134800434113,0.5191690921783447,col_slit,"col_slit_1,1",woman_tending_garden.png
18.69729995727539,0.660944402217865,0.33626243472099304,col_slit,"col_slit_1,1",view_mountains_lake.png
18.42683219909668,0.4798968732357025,0.3380824327468872,col_slit,"col_slit_1,1",field_red_flowers.png
23.10645294189453,0.6054283380508423,0.3641356825828552,col_slit,"col_slit_1,1",bowl_fruit_wooden.png
20.528371810913086,0.5688591003417969,0.3670467734336853,col_slit,"col_slit_1,1",blue_pink_toy.png
21.957040786743164,0.7083941102027893,0.2811489999294281,col_slit,"col_slit_1,1",watch_wrist.png
22.435293197631836,0.8201672434806824,0.25273817777633667,col_slit,"col_slit_1,1",row_rubber_ducks.png
17.177024841308594,0.31295666098594666,0.5076295137405396,col_slit,"col_slit_1,1",pizza_box_pizza.png
16.77652359008789,0.21542851626873016,0.4945520758628845,col_slit,"col_slit_1,1",rocky_beach_large.png
23.889007568359375,0.49697354435920715,0.3873049020767212,col_slit,"col_slit_1,1",lemon_blue_surface.png
13.654068946838379,0.24986553192138672,0.44509947299957275,col_slit,"col_slit_5,5",woman_tending_garden.png
16.707002639770508,0.6344522833824158,0.3361457288265228,col_slit,"col_slit_5,5",view_mountains_lake.png
17.158357620239258,0.5170679688453674,0.2978129982948303,col_slit,"col_slit_5,5",field_red_flowers.png
21.983640670776367,0.6655046343803406,0.22825871407985687,col_slit,"col_slit_5,5",bowl_fruit_wooden.png
17.510637283325195,0.56064772605896,0.3483395576477051,col_slit,"col_slit_5,5",blue_pink_toy.png
17.163055419921875,0.6791154742240906,0.25931259989738464,col_slit,"col_slit_5,5",watch_wrist.png
17.028566360473633,0.7425470352172852,0.34817421436309814,col_slit,"col_slit_5,5",row_rubber_ducks.png
17.91166114807129,0.3920105993747711,0.4046862721443176,col_slit,"col_slit_5,5",pizza_box_pizza.png
16.652015686035156,0.2641708552837372,0.38068193197250366,col_slit,"col_slit_5,5",rocky_beach_large.png
19.90048599243164,0.47454822063446045,0.3029545247554779,col_slit,"col_slit_5,5",lemon_blue_surface.png
13.736804962158203,0.22142191231250763,0.46820658445358276,chessboard,chessboard_k=5,woman_tending_garden.png
18.018524169921875,0.6668828129768372,0.2912997603416443,chessboard,chessboard_k=5,view_mountains_lake.png
18.297908782958984,0.505380392074585,0.3016117811203003,chessboard,chessboard_k=5,field_red_flowers.png
22.434741973876953,0.6555228233337402,0.22408291697502136,chessboard,chessboard_k=5,bowl_fruit_wooden.png
20.721046447753906,0.5905616283416748,0.2925146222114563,chessboard,chessboard_k=5,blue_pink_toy.png
21.30453109741211,0.7130942940711975,0.21345822513103485,chessboard,chessboard_k=5,watch_wrist.png
20.07155990600586,0.8201927542686462,0.25947919487953186,chessboard,chessboard_k=5,row_rubber_ducks.png
18.250896453857422,0.3903578221797943,0.40353354811668396,chessboard,chessboard_k=5,pizza_box_pizza.png
16.157482147216797,0.2372444123029709,0.4150044918060303,chessboard,chessboard_k=5,rocky_beach_large.png
24.192264556884766,0.5156809687614441,0.2689395248889923,chessboard,chessboard_k=5,lemon_blue_surface.png
13.89501953125,0.23095452785491943,0.4520472586154938,chessboard,chessboard_k=7,woman_tending_garden.png
17.317121505737305,0.6571988463401794,0.2968173027038574,chessboard,chessboard_k=7,view_mountains_lake.png
17.489906311035156,0.5078579783439636,0.3101925849914551,chessboard,chessboard_k=7,field_red_flowers.png
22.035451889038086,0.6587114930152893,0.22659452259540558,chessboard,chessboard_k=7,bowl_fruit_wooden.png
18.58052635192871,0.5543233752250671,0.3394506871700287,chessboard,chessboard_k=7,blue_pink_toy.png
20.359933853149414,0.702336311340332,0.219237819314003,chessboard,chessboard_k=7,watch_wrist.png
18.918779373168945,0.8135831356048584,0.22533246874809265,chessboard,chessboard_k=7,row_rubber_ducks.png
18.071163177490234,0.388905793428421,0.39957404136657715,chessboard,chessboard_k=7,pizza_box_pizza.png
16.93743324279785,0.2541739046573639,0.3858509659767151,chessboard,chessboard_k=7,rocky_beach_large.png
20.68357276916504,0.487018346786499,0.3180333375930786,chessboard,chessboard_k=7,lemon_blue_surface.png
13.992525100708008,0.21482320129871368,0.47189146280288696,chessboard,chessboard_k=3,woman_tending_garden.png
18.669145584106445,0.670666515827179,0.2870137691497803,chessboard,chessboard_k=3,view_mountains_lake.png
18.645883560180664,0.4986564815044403,0.3118002414703369,chessboard,chessboard_k=3,field_red_flowers.png
23.782419204711914,0.6555045247077942,0.260751873254776,chessboard,chessboard_k=3,bowl_fruit_wooden.png
20.41995620727539,0.5751400589942932,0.33043718338012695,chessboard,chessboard_k=3,blue_pink_toy.png
20.848913192749023,0.6958017349243164,0.23752336204051971,chessboard,chessboard_k=3,watch_wrist.png
21.61182403564453,0.8251311779022217,0.2262781262397766,chessboard,chessboard_k=3,row_rubber_ducks.png
18.13752555847168,0.3661893904209137,0.43641987442970276,chessboard,chessboard_k=3,pizza_box_pizza.png
17.123313903808594,0.23818862438201904,0.4058437645435333,chessboard,chessboard_k=3,rocky_beach_large.png
23.095474243164062,0.48288288712501526,0.31532031297683716,chessboard,chessboard_k=3,lemon_blue_surface.png
14.203434944152832,0.1864304095506668,0.5152100324630737,chessboard,chessboard_k=1,woman_tending_garden.png
19.259218215942383,0.6637106537818909,0.32153943181037903,chessboard,chessboard_k=1,view_mountains_lake.png
18.7311954498291,0.47976335883140564,0.3457868695259094,chessboard,chessboard_k=1,field_red_flowers.png
23.688735961914062,0.6140806078910828,0.3373717963695526,chessboard,chessboard_k=1,bowl_fruit_wooden.png
20.849210739135742,0.5765756368637085,0.3466082811355591,chessboard,chessboard_k=1,blue_pink_toy.png
21.905532836914062,0.700772762298584,0.2744068503379822,chessboard,chessboard_k=1,watch_wrist.png
22.279600143432617,0.8194098472595215,0.22453805804252625,chessboard,chessboard_k=1,row_rubber_ducks.png
18.504493713378906,0.353438138961792,0.45728248357772827,chessboard,chessboard_k=1,pizza_box_pizza.png
17.09181022644043,0.22261373698711395,0.4723040461540222,chessboard,chessboard_k=1,rocky_beach_large.png
23.61985206604004,0.4818751811981201,0.3812251687049866,chessboard,chessboard_k=1,lemon_blue_surface.png
13.96605110168457,0.2208017110824585,0.462708055973053,chessboard,chessboard_k=4,woman_tending_garden.png
18.554058074951172,0.6733066439628601,0.28112512826919556,chessboard,chessboard_k=4,view_mountains_lake.png
18.44283676147461,0.4990483820438385,0.31323277950286865,chessboard,chessboard_k=4,field_red_flowers.png
23.589805603027344,0.6644167900085449,0.24048081040382385,chessboard,chessboard_k=4,bowl_fruit_wooden.png
20.103862762451172,0.5803098082542419,0.3194639980792999,chessboard,chessboard_k=4,blue_pink_toy.png
20.8001766204834,0.6967669129371643,0.22387412190437317,chessboard,chessboard_k=4,watch_wrist.png
20.06236457824707,0.8129189610481262,0.2675186097621918,chessboard,chessboard_k=4,row_rubber_ducks.png
18.365137100219727,0.3803987503051758,0.41417381167411804,chessboard,chessboard_k=4,pizza_box_pizza.png
17.084856033325195,0.2446335107088089,0.40030068159103394,chessboard,chessboard_k=4,rocky_beach_large.png
23.878103256225586,0.4984852075576782,0.2964611351490021,chessboard,chessboard_k=4,lemon_blue_surface.png
13.59764575958252,0.23736345767974854,0.457209050655365,chessboard,chessboard_k=8,woman_tending_garden.png
17.106752395629883,0.6649578213691711,0.30000799894332886,chessboard,chessboard_k=8,view_mountains_lake.png
14.981371879577637,0.4120349884033203,0.3875143826007843,chessboard,chessboard_k=8,field_red_flowers.png
20.508281707763672,0.6615012884140015,0.24054983258247375,chessboard,chessboard_k=8,bowl_fruit_wooden.png
18.323759078979492,0.5510650277137756,0.38114869594573975,chessboard,chessboard_k=8,blue_pink_toy.png
19.77660369873047,0.7075255513191223,0.2366524338722229,chessboard,chessboard_k=8,watch_wrist.png
17.790861129760742,0.7635217308998108,0.36073964834213257,chessboard,chessboard_k=8,row_rubber_ducks.png
18.322086334228516,0.39578965306282043,0.39549538493156433,chessboard,chessboard_k=8,pizza_box_pizza.png
16.574350357055664,0.26078036427497864,0.38501882553100586,chessboard,chessboard_k=8,rocky_beach_large.png
21.556161880493164,0.5130346417427063,0.2763459384441376,chessboard,chessboard_k=8,lemon_blue_surface.png
13.875899314880371,0.2397465705871582,0.4491645097732544,chessboard,chessboard_k=6,woman_tending_garden.png
18.16526985168457,0.67486971616745,0.27678149938583374,chessboard,chessboard_k=6,view_mountains_lake.png
17.49526023864746,0.5019556879997253,0.30065903067588806,chessboard,chessboard_k=6,field_red_flowers.png
22.380733489990234,0.6567436456680298,0.22676004469394684,chessboard,chessboard_k=6,bowl_fruit_wooden.png
19.961490631103516,0.5925973057746887,0.30712178349494934,chessboard,chessboard_k=6,blue_pink_toy.png
20.449508666992188,0.7114918828010559,0.20800477266311646,chessboard,chessboard_k=6,watch_wrist.png
19.58713722229004,0.8211720585823059,0.20668044686317444,chessboard,chessboard_k=6,row_rubber_ducks.png
18.224294662475586,0.38729920983314514,0.4021257758140564,chessboard,chessboard_k=6,pizza_box_pizza.png
16.92727279663086,0.25298789143562317,0.3892708420753479,chessboard,chessboard_k=6,rocky_beach_large.png
22.00795555114746,0.5011817812919617,0.29116368293762207,chessboard,chessboard_k=6,lemon_blue_surface.png
14.234026908874512,0.20340122282505035,0.49017971754074097,chessboard,chessboard_k=2,woman_tending_garden.png
19.090803146362305,0.6684727668762207,0.29852527379989624,chessboard,chessboard_k=2,view_mountains_lake.png
18.92574119567871,0.48878219723701477,0.3145633637905121,chessboard,chessboard_k=2,field_red_flowers.png
23.794403076171875,0.6356507539749146,0.2728795111179352,chessboard,chessboard_k=2,bowl_fruit_wooden.png
21.04474639892578,0.5831859111785889,0.33337247371673584,chessboard,chessboard_k=2,blue_pink_toy.png
22.138973236083984,0.7131816744804382,0.23330055177211761,chessboard,chessboard_k=2,watch_wrist.png
22.332826614379883,0.8304672241210938,0.1953350007534027,chessboard,chessboard_k=2,row_rubber_ducks.png
18.386667251586914,0.36220040917396545,0.43748530745506287,chessboard,chessboard_k=2,pizza_box_pizza.png
17.10963249206543,0.22961895167827606,0.4324858784675598,chessboard,chessboard_k=2,rocky_beach_large.png
24.15962791442871,0.4990905225276947,0.32654500007629395,chessboard,chessboard_k=2,lemon_blue_surface.png
14.040105819702148,0.23911863565444946,0.4586487412452698,row_slit,"row_slit_3,3",woman_tending_garden.png
17.513002395629883,0.6527978777885437,0.3135209381580353,row_slit,"row_slit_3,3",view_mountains_lake.png
16.268644332885742,0.40519025921821594,0.41761845350265503,row_slit,"row_slit_3,3",field_red_flowers.png
21.63850975036621,0.6477985382080078,0.22698991000652313,row_slit,"row_slit_3,3",bowl_fruit_wooden.png
19.527326583862305,0.5518009066581726,0.3622390627861023,row_slit,"row_slit_3,3",blue_pink_toy.png
20.84538459777832,0.7120898365974426,0.23284702003002167,row_slit,"row_slit_3,3",watch_wrist.png
18.232454299926758,0.7667638659477234,0.2989913821220398,row_slit,"row_slit_3,3",row_rubber_ducks.png
17.925308227539062,0.3866141736507416,0.40683165192604065,row_slit,"row_slit_3,3",pizza_box_pizza.png
16.69701385498047,0.24699465930461884,0.4015367031097412,row_slit,"row_slit_3,3",rocky_beach_large.png
24.245994567871094,0.5222201943397522,0.27319082617759705,row_slit,"row_slit_3,3",lemon_blue_surface.png
14.228898048400879,0.2214079648256302,0.46968117356300354,row_slit,"row_slit_2,2",woman_tending_garden.png
18.373003005981445,0.6621238589286804,0.29942208528518677,row_slit,"row_slit_2,2",view_mountains_lake.png
15.875324249267578,0.35852551460266113,0.4434376358985901,row_slit,"row_slit_2,2",field_red_flowers.png
21.831035614013672,0.6272223591804504,0.249064102768898,row_slit,"row_slit_2,2",bowl_fruit_wooden.png
20.089614868164062,0.5743185877799988,0.3382936120033264,row_slit,"row_slit_2,2",blue_pink_toy.png
21.53330421447754,0.703350841999054,0.23149313032627106,row_slit,"row_slit_2,2",watch_wrist.png
19.72218132019043,0.7811347842216492,0.3137175440788269,row_slit,"row_slit_2,2",row_rubber_ducks.png
17.806962966918945,0.36950060725212097,0.417885959148407,row_slit,"row_slit_2,2",pizza_box_pizza.png
16.35854148864746,0.23228119313716888,0.42363500595092773,row_slit,"row_slit_2,2",rocky_beach_large.png
24.012046813964844,0.5080391764640808,0.312963604927063,row_slit,"row_slit_2,2",lemon_blue_surface.png
13.96544075012207,0.19695521891117096,0.5058499574661255,row_slit,"row_slit_1,1",woman_tending_garden.png
18.596216201782227,0.6551476120948792,0.3265325129032135,row_slit,"row_slit_1,1",view_mountains_lake.png
17.33039665222168,0.3324320614337921,0.41537314653396606,row_slit,"row_slit_1,1",field_red_flowers.png
22.781099319458008,0.6320592761039734,0.25746238231658936,row_slit,"row_slit_1,1",bowl_fruit_wooden.png
20.191314697265625,0.5652539730072021,0.3481651544570923,row_slit,"row_slit_1,1",blue_pink_toy.png
21.80472183227539,0.7059985995292664,0.25879591703414917,row_slit,"row_slit_1,1",watch_wrist.png
20.329607009887695,0.7775928378105164,0.32443732023239136,row_slit,"row_slit_1,1",row_rubber_ducks.png
18.262435913085938,0.3587949275970459,0.43484044075012207,row_slit,"row_slit_1,1",pizza_box_pizza.png
16.881589889526367,0.2150588035583496,0.4408131241798401,row_slit,"row_slit_1,1",rocky_beach_large.png
24.23067283630371,0.5018741488456726,0.32400786876678467,row_slit,"row_slit_1,1",lemon_blue_surface.png
14.00595474243164,0.2323918342590332,0.4537721276283264,row_slit,"row_slit_4,4",woman_tending_garden.png
16.971757888793945,0.6544790863990784,0.32389238476753235,row_slit,"row_slit_4,4",view_mountains_lake.png
14.004462242126465,0.35703277587890625,0.4435005187988281,row_slit,"row_slit_4,4",field_red_flowers.png
21.388019561767578,0.6404626965522766,0.23681344091892242,row_slit,"row_slit_4,4",bowl_fruit_wooden.png
19.114795684814453,0.5381371378898621,0.4037383794784546,row_slit,"row_slit_4,4",blue_pink_toy.png
20.20616340637207,0.700298011302948,0.2315991222858429,row_slit,"row_slit_4,4",watch_wrist.png
17.400510787963867,0.7393264770507812,0.3672439455986023,row_slit,"row_slit_4,4",row_rubber_ducks.png
17.384599685668945,0.3841453492641449,0.41297873854637146,row_slit,"row_slit_4,4",pizza_box_pizza.png
16.323671340942383,0.2515260875225067,0.40663275122642517,row_slit,"row_slit_4,4",rocky_beach_large.png
23.476137161254883,0.5163841843605042,0.2708917558193207,row_slit,"row_slit_4,4",lemon_blue_surface.png
13.843487739562988,0.25983670353889465,0.44924771785736084,row_slit,"row_slit_6,6",woman_tending_garden.png
15.950940132141113,0.6474869847297668,0.3005730211734772,row_slit,"row_slit_6,6",view_mountains_lake.png
14.04568862915039,0.3807178735733032,0.4718632698059082,row_slit,"row_slit_6,6",field_red_flowers.png
19.247291564941406,0.6544728875160217,0.23516397178173065,row_slit,"row_slit_6,6",bowl_fruit_wooden.png
17.72117805480957,0.5511245131492615,0.38150638341903687,row_slit,"row_slit_6,6",blue_pink_toy.png
18.104154586791992,0.6874273419380188,0.2698017358779907,row_slit,"row_slit_6,6",watch_wrist.png
17.69816780090332,0.7943627238273621,0.29370078444480896,row_slit,"row_slit_6,6",row_rubber_ducks.png
18.195457458496094,0.41155290603637695,0.3811371326446533,row_slit,"row_slit_6,6",pizza_box_pizza.png
16.004470825195312,0.2593529224395752,0.4210048317909241,row_slit,"row_slit_6,6",rocky_beach_large.png
18.525297164916992,0.4984889030456543,0.34670311212539673,row_slit,"row_slit_6,6",lemon_blue_surface.png
14.096766471862793,0.26446810364723206,0.43409037590026855,row_slit,"row_slit_7,7",woman_tending_garden.png
16.242448806762695,0.6383075714111328,0.3194832503795624,row_slit,"row_slit_7,7",view_mountains_lake.png
15.016777038574219,0.43877705931663513,0.38904452323913574,row_slit,"row_slit_7,7",field_red_flowers.png
19.302003860473633,0.6519477963447571,0.25643813610076904,row_slit,"row_slit_7,7",bowl_fruit_wooden.png
18.443164825439453,0.5829355120658875,0.31902211904525757,row_slit,"row_slit_7,7",blue_pink_toy.png
18.583467483520508,0.7001144886016846,0.2233762890100479,row_slit,"row_slit_7,7",watch_wrist.png
18.524192810058594,0.8046901822090149,0.289804607629776,row_slit,"row_slit_7,7",row_rubber_ducks.png
17.87764549255371,0.42054715752601624,0.3840421438217163,row_slit,"row_slit_7,7",pizza_box_pizza.png
16.495513916015625,0.2586614191532135,0.40695708990097046,row_slit,"row_slit_7,7",rocky_beach_large.png
20.208513259887695,0.5031208395957947,0.2838869094848633,row_slit,"row_slit_7,7",lemon_blue_surface.png
13.959964752197266,0.25071266293525696,0.4448792040348053,row_slit,"row_slit_5,5",woman_tending_garden.png
16.464601516723633,0.6293532252311707,0.31809818744659424,row_slit,"row_slit_5,5",view_mountains_lake.png
14.302592277526855,0.38660359382629395,0.4523044526576996,row_slit,"row_slit_5,5",field_red_flowers.png
19.978267669677734,0.6495850682258606,0.24547262489795685,row_slit,"row_slit_5,5",bowl_fruit_wooden.png
18.627986907958984,0.5825175642967224,0.32382088899612427,row_slit,"row_slit_5,5",blue_pink_toy.png
18.96725082397461,0.687727153301239,0.2694953382015228,row_slit,"row_slit_5,5",watch_wrist.png
17.6418514251709,0.776812732219696,0.3250112533569336,row_slit,"row_slit_5,5",row_rubber_ducks.png
18.152877807617188,0.40556564927101135,0.3842443823814392,row_slit,"row_slit_5,5",pizza_box_pizza.png
16.128780364990234,0.25583988428115845,0.3915664255619049,row_slit,"row_slit_5,5",rocky_beach_large.png
21.894357681274414,0.5155009627342224,0.28751152753829956,row_slit,"row_slit_5,5",lemon_blue_surface.png
